tier,month,opening_balance,scheduled_payment,interest,principal_paid,ending_balance
140000,1,140000.0,1050.0,1050.0,0.0,140000.0
140000,2,140000.0,1050.0,1050.0,0.0,140000.0
140000,3,140000.0,1050.0,1050.0,0.0,140000.0
140000,4,140000.0,1050.0,1050.0,0.0,140000.0
140000,5,140000.0,1050.0,1050.0,0.0,140000.0
140000,6,140000.0,1050.0,1050.0,0.0,140000.0
140000,7,140000.0,1050.0,1050.0,0.0,140000.0
140000,8,140000.0,1050.0,1050.0,0.0,140000.0
140000,9,140000.0,1050.0,1050.0,0.0,140000.0
140000,10,140000.0,1050.0,1050.0,0.0,140000.0
140000,11,140000.0,1050.0,1050.0,0.0,140000.0
140000,12,140000.0,1050.0,1050.0,0.0,140000.0
140000,13,140000.0,2906.17,1050.0,1856.17,138143.83
140000,14,138143.83,2906.17,1036.08,1870.09,136273.74
140000,15,136273.74,2906.17,1022.05,1884.12,134389.62
140000,16,134389.62,2906.17,1007.92,1898.25,132491.38
140000,17,132491.38,2906.17,993.69,1912.48,130578.89
140000,18,130578.89,2906.17,979.34,1926.83,128652.06
140000,19,128652.06,2906.17,964.89,1941.28,126710.78
140000,20,126710.78,2906.17,950.33,1955.84,124754.94
140000,21,124754.94,2906.17,935.66,1970.51,122784.44
140000,22,122784.44,2906.17,920.88,1985.29,120799.15
140000,23,120799.15,2906.17,905.99,2000.18,118798.97
140000,24,118798.97,2906.17,890.99,2015.18,116783.8
140000,25,116783.8,2906.17,875.88,2030.29,114753.51
140000,26,114753.51,2906.17,860.65,2045.52,112707.99
140000,27,112707.99,2906.17,845.31,2060.86,110647.13
140000,28,110647.13,2906.17,829.85,2076.32,108570.81
140000,29,108570.81,2906.17,814.28,2091.89,106478.92
140000,30,106478.92,2906.17,798.59,2107.58,104371.34
140000,31,104371.34,2906.17,782.79,2123.38,102247.96
140000,32,102247.96,2906.17,766.86,2139.31,100108.65
140000,33,100108.65,2906.17,750.81,2155.35,97953.29
140000,34,97953.29,2906.17,734.65,2171.52,95781.77
140000,35,95781.77,2906.17,718.36,2187.81,93593.97
140000,36,93593.97,2906.17,701.95,2204.21,91389.75
140000,37,91389.75,2906.17,685.42,2220.75,89169.01
140000,38,89169.01,2906.17,668.77,2237.4,86931.6
140000,39,86931.6,2906.17,651.99,2254.18,84677.42
140000,40,84677.42,2906.17,635.08,2271.09,82406.33
140000,41,82406.33,2906.17,618.05,2288.12,80118.21
140000,42,80118.21,2906.17,600.89,2305.28,77812.93
140000,43,77812.93,2906.17,583.6,2322.57,75490.35
140000,44,75490.35,2906.17,566.18,2339.99,73150.36
140000,45,73150.36,2906.17,548.63,2357.54,70792.82
140000,46,70792.82,2906.17,530.95,2375.22,68417.6
140000,47,68417.6,2906.17,513.13,2393.04,66024.56
140000,48,66024.56,2906.17,495.18,2410.99,63613.57
140000,49,63613.57,2906.17,477.1,2429.07,61184.51
140000,50,61184.51,2906.17,458.88,2447.29,58737.22
140000,51,58737.22,2906.17,440.53,2465.64,56271.58
140000,52,56271.58,2906.17,422.04,2484.13,53787.45
140000,53,53787.45,2906.17,403.41,2502.76,51284.68
140000,54,51284.68,2906.17,384.64,2521.53,48763.15
140000,55,48763.15,2906.17,365.72,2540.45,46222.7
140000,56,46222.7,2906.17,346.67,2559.5,43663.2
140000,57,43663.2,2906.17,327.47,2578.7,41084.51
140000,58,41084.51,2906.17,308.13,2598.04,38486.47
140000,59,38486.47,2906.17,288.65,2617.52,35868.95
140000,60,35868.95,2906.17,269.02,2637.15,33231.8
140000,61,33231.8,2906.17,249.24,2656.93,30574.87
140000,62,30574.87,2906.17,229.31,2676.86,27898.01
140000,63,27898.01,2906.17,209.24,2696.93,25201.07
140000,64,25201.07,2906.17,189.01,2717.16,22483.91
140000,65,22483.91,2906.17,168.63,2737.54,19746.37
140000,66,19746.37,2906.17,148.1,2758.07,16988.3
140000,67,16988.3,2906.17,127.41,2778.76,14209.54
140000,68,14209.54,2906.17,106.57,2799.6,11409.94
140000,69,11409.94,2906.17,85.57,2820.6,8589.35
140000,70,8589.35,2906.17,64.42,2841.75,5747.6
140000,71,5747.6,2906.17,43.11,2863.06,2884.54
140000,72,2884.54,2906.17,21.63,2884.54,0.0
240000,1,240000.0,1800.0,1800.0,0.0,240000.0
240000,2,240000.0,1800.0,1800.0,0.0,240000.0
240000,3,240000.0,1800.0,1800.0,0.0,240000.0
240000,4,240000.0,1800.0,1800.0,0.0,240000.0
240000,5,240000.0,1800.0,1800.0,0.0,240000.0
240000,6,240000.0,1800.0,1800.0,0.0,240000.0
240000,7,240000.0,1800.0,1800.0,0.0,240000.0
240000,8,240000.0,1800.0,1800.0,0.0,240000.0
240000,9,240000.0,1800.0,1800.0,0.0,240000.0
240000,10,240000.0,1800.0,1800.0,0.0,240000.0
240000,11,240000.0,1800.0,1800.0,0.0,240000.0
240000,12,240000.0,1800.0,1800.0,0.0,240000.0
240000,13,240000.0,4982.01,1800.0,3182.01,236817.99
240000,14,236817.99,4982.01,1776.13,3205.87,233612.12
240000,15,233612.12,4982.01,1752.09,3229.91,230382.21
240000,16,230382.21,4982.01,1727.87,3254.14,227128.07
240000,17,227128.07,4982.01,1703.46,3278.54,223849.53
240000,18,223849.53,4982.01,1678.87,3303.13,220546.39
240000,19,220546.39,4982.01,1654.1,3327.91,217218.49
240000,20,217218.49,4982.01,1629.14,3352.87,213865.62
240000,21,213865.62,4982.01,1603.99,3378.01,210487.61
240000,22,210487.61,4982.01,1578.66,3403.35,207084.26
240000,23,207084.26,4982.01,1553.13,3428.87,203655.38
240000,24,203655.38,4982.01,1527.42,3454.59,200200.79
240000,25,200200.79,4982.01,1501.51,3480.5,196720.3
240000,26,196720.3,4982.01,1475.4,3506.6,193213.69
240000,27,193213.69,4982.01,1449.1,3532.9,189680.79
240000,28,189680.79,4982.01,1422.61,3559.4,186121.39
240000,29,186121.39,4982.01,1395.91,3586.09,182535.3
240000,30,182535.3,4982.01,1369.01,3612.99,178922.3
240000,31,178922.3,4982.01,1341.92,3640.09,175282.22
240000,32,175282.22,4982.01,1314.62,3667.39,171614.83
240000,33,171614.83,4982.01,1287.11,3694.89,167919.93
240000,34,167919.93,4982.01,1259.4,3722.61,164197.33
240000,35,164197.33,4982.01,1231.48,3750.53,160446.8
240000,36,160446.8,4982.01,1203.35,3778.65,156668.15
240000,37,156668.15,4982.01,1175.01,3806.99,152861.15
240000,38,152861.15,4982.01,1146.46,3835.55,149025.61
240000,39,149025.61,4982.01,1117.69,3864.31,145161.3
240000,40,145161.3,4982.01,1088.71,3893.3,141268.0
240000,41,141268.0,4982.01,1059.51,3922.5,137345.5
240000,42,137345.5,4982.01,1030.09,3951.91,133393.59
240000,43,133393.59,4982.01,1000.45,3981.55,129412.04
240000,44,129412.04,4982.01,970.59,4011.41,125400.62
240000,45,125400.62,4982.01,940.5,4041.5,121359.12
240000,46,121359.12,4982.01,910.19,4071.81,117287.31
240000,47,117287.31,4982.01,879.65,4102.35,113184.96
240000,48,113184.96,4982.01,848.89,4133.12,109051.84
240000,49,109051.84,4982.01,817.89,4164.12,104887.72
240000,50,104887.72,4982.01,786.66,4195.35,100692.38
240000,51,100692.38,4982.01,755.19,4226.81,96465.56
240000,52,96465.56,4982.01,723.49,4258.51,92207.05
240000,53,92207.05,4982.01,691.55,4290.45,87916.6
240000,54,87916.6,4982.01,659.37,4322.63,83593.97
240000,55,83593.97,4982.01,626.95,4355.05,79238.92
240000,56,79238.92,4982.01,594.29,4387.71,74851.2
240000,57,74851.2,4982.01,561.38,4420.62,70430.58
240000,58,70430.58,4982.01,528.23,4453.78,65976.81
240000,59,65976.81,4982.01,494.83,4487.18,61489.63
240000,60,61489.63,4982.01,461.17,4520.83,56968.8
240000,61,56968.8,4982.01,427.27,4554.74,52414.06
240000,62,52414.06,4982.01,393.11,4588.9,47825.16
240000,63,47825.16,4982.01,358.69,4623.32,43201.84
240000,64,43201.84,4982.01,324.01,4657.99,38543.85
240000,65,38543.85,4982.01,289.08,4692.93,33850.92
240000,66,33850.92,4982.01,253.88,4728.12,29122.8
240000,67,29122.8,4982.01,218.42,4763.58,24359.21
240000,68,24359.21,4982.01,182.69,4799.31,19559.9
240000,69,19559.9,4982.01,146.7,4835.31,14724.6
240000,70,14724.6,4982.01,110.43,4871.57,9853.03
240000,71,9853.03,4982.01,73.9,4908.11,4944.92
240000,72,4944.92,4982.01,37.09,4944.92,0.0
500000,1,500000.0,3750.0,3750.0,0.0,500000.0
500000,2,500000.0,3750.0,3750.0,0.0,500000.0
500000,3,500000.0,3750.0,3750.0,0.0,500000.0
500000,4,500000.0,3750.0,3750.0,0.0,500000.0
500000,5,500000.0,3750.0,3750.0,0.0,500000.0
500000,6,500000.0,3750.0,3750.0,0.0,500000.0
500000,7,500000.0,3750.0,3750.0,0.0,500000.0
500000,8,500000.0,3750.0,3750.0,0.0,500000.0
500000,9,500000.0,3750.0,3750.0,0.0,500000.0
500000,10,500000.0,3750.0,3750.0,0.0,500000.0
500000,11,500000.0,3750.0,3750.0,0.0,500000.0
500000,12,500000.0,3750.0,3750.0,0.0,500000.0
500000,13,500000.0,10379.18,3750.0,6629.18,493370.82
500000,14,493370.82,10379.18,3700.28,6678.9,486691.93
500000,15,486691.93,10379.18,3650.19,6728.99,479962.94
500000,16,479962.94,10379.18,3599.72,6779.46,473183.48
500000,17,473183.48,10379.18,3548.88,6830.3,466353.18
500000,18,466353.18,10379.18,3497.65,6881.53,459471.65
500000,19,459471.65,10379.18,3446.04,6933.14,452538.51
500000,20,452538.51,10379.18,3394.04,6985.14,445553.37
500000,21,445553.37,10379.18,3341.65,7037.53,438515.85
500000,22,438515.85,10379.18,3288.87,7090.31,431425.54
500000,23,431425.54,10379.18,3235.69,7143.49,424282.05
500000,24,424282.05,10379.18,3182.12,7197.06,417084.99
500000,25,417084.99,10379.18,3128.14,7251.04,409833.95
500000,26,409833.95,10379.18,3073.75,7305.42,402528.53
500000,27,402528.53,10379.18,3018.96,7360.21,395168.31
500000,28,395168.31,10379.18,2963.76,7415.42,387752.9
500000,29,387752.9,10379.18,2908.15,7471.03,380281.87
500000,30,380281.87,10379.18,2852.11,7527.06,372754.8
500000,31,372754.8,10379.18,2795.66,7583.52,365171.29
500000,32,365171.29,10379.18,2738.78,7640.39,357530.89
500000,33,357530.89,10379.18,2681.48,7697.7,349833.2
500000,34,349833.2,10379.18,2623.75,7755.43,342077.77
500000,35,342077.77,10379.18,2565.58,7813.59,334264.17
500000,36,334264.17,10379.18,2506.98,7872.2,326391.98
500000,37,326391.98,10379.18,2447.94,7931.24,318460.74
500000,38,318460.74,10379.18,2388.46,7990.72,310470.02
500000,39,310470.02,10379.18,2328.53,8050.65,302419.36
500000,40,302419.36,10379.18,2268.15,8111.03,294308.33
500000,41,294308.33,10379.18,2207.31,8171.87,286136.47
500000,42,286136.47,10379.18,2146.02,8233.15,277903.31
500000,43,277903.31,10379.18,2084.27,8294.9,269608.41
500000,44,269608.41,10379.18,2022.06,8357.11,261251.3
500000,45,261251.3,10379.18,1959.38,8419.79,252831.5
500000,46,252831.5,10379.18,1896.24,8482.94,244348.56
500000,47,244348.56,10379.18,1832.61,8546.56,235802.0
500000,48,235802.0,10379.18,1768.51,8610.66,227191.34
500000,49,227191.34,10379.18,1703.94,8675.24,218516.09
500000,50,218516.09,10379.18,1638.87,8740.31,209775.79
500000,51,209775.79,10379.18,1573.32,8805.86,200969.93
500000,52,200969.93,10379.18,1507.27,8871.9,192098.02
500000,53,192098.02,10379.18,1440.74,8938.44,183159.58
500000,54,183159.58,10379.18,1373.7,9005.48,174154.1
500000,55,174154.1,10379.18,1306.16,9073.02,165081.08
500000,56,165081.08,10379.18,1238.11,9141.07,155940.01
500000,57,155940.01,10379.18,1169.55,9209.63,146730.38
500000,58,146730.38,10379.18,1100.48,9278.7,137451.68
500000,59,137451.68,10379.18,1030.89,9348.29,128103.39
500000,60,128103.39,10379.18,960.78,9418.4,118684.99
500000,61,118684.99,10379.18,890.14,9489.04,109195.95
500000,62,109195.95,10379.18,818.97,9560.21,99635.74
500000,63,99635.74,10379.18,747.27,9631.91,90003.83
500000,64,90003.83,10379.18,675.03,9704.15,80299.68
500000,65,80299.68,10379.18,602.25,9776.93,70522.75
500000,66,70522.75,10379.18,528.92,9850.26,60672.5
500000,67,60672.5,10379.18,455.04,9924.13,50748.36
500000,68,50748.36,10379.18,380.61,9998.56,40749.8
500000,69,40749.8,10379.18,305.62,10073.55,30676.24
500000,70,30676.24,10379.18,230.07,10149.11,20527.14
500000,71,20527.14,10379.18,153.95,10225.22,10301.91
500000,72,10301.91,10379.18,77.26,10301.91,0.0
