month,opening_active_sites,new_sites,churned_sites,ending_active_sites,setup_gross,recurring_gross,setup_contribution,recurring_net,b2b_overhead,provider_net_before_debt,base_center_34_before_debt,base_center_34_debt_service,base_center_34_net_after_debt,downside_center_24_before_debt,downside_center_24_debt_service,downside_center_24_net_after_debt,noncenter_spend,base_ending_cash,downside_ending_cash,scenario,case,setup_rate
1,0.00,0.00,0.00,0.00,0.00,0.00,0.00,0.00,0.00,0.00,-16780.00,1800.00,-18580.00,-16780.00,1800.00,-18580.00,14000.00,207420.00,207420.00,measured,measured_40pct_10pct_setup,0.10
2,0.00,0.00,0.00,0.00,0.00,0.00,0.00,0.00,0.00,0.00,-16780.00,1800.00,-18580.00,-16780.00,1800.00,-18580.00,14000.00,174840.00,174840.00,measured,measured_40pct_10pct_setup,0.10
3,0.00,0.00,0.00,0.00,0.00,0.00,0.00,0.00,0.00,0.00,-15100.00,1800.00,-16900.00,-15940.00,1800.00,-17740.00,13000.00,144940.00,144100.00,measured,measured_40pct_10pct_setup,0.10
4,0.00,1.00,0.00,1.00,2995.00,197.00,299.50,78.80,500.00,-121.70,-11861.70,1800.00,-13661.70,-14381.70,1800.00,-16181.70,10000.00,121278.30,117918.30,measured,measured_40pct_10pct_setup,0.10
5,1.00,1.00,0.02,1.98,2995.00,390.06,299.50,156.02,500.00,-44.48,-11784.48,1800.00,-13584.48,-14304.48,1800.00,-16104.48,10000.00,97693.82,91813.82,measured,measured_40pct_10pct_setup,0.10
6,1.98,1.00,0.04,2.94,2995.00,579.26,299.50,231.70,500.00,31.20,-4988.80,1800.00,-6788.80,-10868.80,1800.00,-12668.80,13000.00,77905.03,66145.03,measured,measured_40pct_10pct_setup,0.10
7,2.94,1.00,0.06,3.88,2995.00,764.67,299.50,305.87,500.00,105.37,-4914.63,1800.00,-6714.63,-10794.63,1800.00,-12594.63,8000.00,63190.40,45550.40,measured,measured_40pct_10pct_setup,0.10
8,3.88,1.00,0.08,4.80,2995.00,946.38,299.50,378.55,500.00,178.05,-2321.95,1800.00,-4121.95,-9041.95,1800.00,-10841.95,8000.00,51068.45,26708.45,measured,measured_40pct_10pct_setup,0.10
9,4.80,0.00,0.10,4.71,0.00,927.45,0.00,370.98,500.00,-129.02,730.98,1800.00,-1069.02,-7669.02,1800.00,-9469.02,8000.00,41999.43,9239.43,measured,measured_40pct_10pct_setup,0.10
10,4.71,0.00,0.09,4.61,0.00,908.90,0.00,363.56,500.00,-136.44,723.56,1800.00,-1076.44,-7676.44,1800.00,-9476.44,8000.00,32922.99,-8237.01,measured,measured_40pct_10pct_setup,0.10
11,4.61,0.00,0.09,4.52,0.00,890.73,0.00,356.29,500.00,-143.71,3236.29,1800.00,1436.29,-5163.71,1800.00,-6963.71,4500.00,29859.28,-19700.72,measured,measured_40pct_10pct_setup,0.10
12,4.52,0.00,0.09,4.43,0.00,872.91,0.00,349.16,500.00,-150.84,4909.16,1800.00,3109.16,-3490.84,1800.00,-5290.84,4500.00,28468.45,-29491.55,measured,measured_40pct_10pct_setup,0.10
13,4.43,0.00,0.09,4.34,0.00,855.45,0.00,342.18,500.00,-157.82,4902.18,4982.01,-79.83,-3497.82,4982.01,-8479.83,0.00,28388.62,-37971.38,measured,measured_40pct_10pct_setup,0.10
14,4.34,0.00,0.09,4.26,0.00,838.34,0.00,335.34,500.00,-164.66,4895.34,4982.01,-86.67,-3504.66,4982.01,-8486.67,0.00,28301.94,-46458.06,measured,measured_40pct_10pct_setup,0.10
15,4.26,0.00,0.09,4.17,0.00,821.58,0.00,328.63,500.00,-171.37,4888.63,4982.01,-93.38,-3511.37,4982.01,-8493.38,0.00,28208.57,-54951.43,measured,measured_40pct_10pct_setup,0.10
16,4.17,0.00,0.08,4.09,0.00,805.15,0.00,322.06,500.00,-177.94,4882.06,4982.01,-99.95,-3517.94,4982.01,-8499.95,0.00,28108.61,-63451.39,measured,measured_40pct_10pct_setup,0.10
17,4.09,0.00,0.08,4.01,0.00,789.04,0.00,315.62,500.00,-184.38,4875.62,4982.01,-106.39,-3524.38,4982.01,-8506.39,0.00,28002.22,-71957.78,measured,measured_40pct_10pct_setup,0.10
18,4.01,0.00,0.08,3.93,0.00,773.26,0.00,309.30,500.00,-190.70,4869.30,4982.01,-112.71,-3530.70,4982.01,-8512.71,0.00,27889.51,-80470.49,measured,measured_40pct_10pct_setup,0.10
19,3.93,0.00,0.08,3.85,0.00,757.80,0.00,303.12,500.00,-196.88,4863.12,4982.01,-118.89,-3536.88,4982.01,-8518.89,0.00,27770.62,-88989.38,measured,measured_40pct_10pct_setup,0.10
20,3.85,0.00,0.08,3.77,0.00,742.64,0.00,297.06,500.00,-202.94,4857.06,4982.01,-124.95,-3542.94,4982.01,-8524.95,0.00,27645.67,-97514.33,measured,measured_40pct_10pct_setup,0.10
21,3.77,0.00,0.08,3.69,0.00,727.79,0.00,291.12,500.00,-208.88,4851.12,4982.01,-130.89,-3548.88,4982.01,-8530.89,0.00,27514.77,-106045.23,measured,measured_40pct_10pct_setup,0.10
22,3.69,0.00,0.07,3.62,0.00,713.23,0.00,285.29,500.00,-214.71,4845.29,4982.01,-136.72,-3554.71,4982.01,-8536.72,0.00,27378.06,-114581.94,measured,measured_40pct_10pct_setup,0.10
23,3.62,0.00,0.07,3.55,0.00,698.97,0.00,279.59,500.00,-220.41,4839.59,4982.01,-142.42,-3560.41,4982.01,-8542.42,0.00,27235.63,-123124.37,measured,measured_40pct_10pct_setup,0.10
24,3.55,0.00,0.07,3.48,0.00,684.99,0.00,274.00,500.00,-226.00,4834.00,4982.01,-148.01,-3566.00,4982.01,-8548.01,0.00,27087.62,-131672.38,measured,measured_40pct_10pct_setup,0.10
1,0.00,0.00,0.00,0.00,0.00,0.00,0.00,0.00,0.00,0.00,-16780.00,1800.00,-18580.00,-16780.00,1800.00,-18580.00,14000.00,207420.00,207420.00,measured,measured_40pct_0pct_setup,0.00
2,0.00,0.00,0.00,0.00,0.00,0.00,0.00,0.00,0.00,0.00,-16780.00,1800.00,-18580.00,-16780.00,1800.00,-18580.00,14000.00,174840.00,174840.00,measured,measured_40pct_0pct_setup,0.00
3,0.00,0.00,0.00,0.00,0.00,0.00,0.00,0.00,0.00,0.00,-15100.00,1800.00,-16900.00,-15940.00,1800.00,-17740.00,13000.00,144940.00,144100.00,measured,measured_40pct_0pct_setup,0.00
4,0.00,1.00,0.00,1.00,2995.00,197.00,0.00,78.80,500.00,-421.20,-12161.20,1800.00,-13961.20,-14681.20,1800.00,-16481.20,10000.00,120978.80,117618.80,measured,measured_40pct_0pct_setup,0.00
5,1.00,1.00,0.02,1.98,2995.00,390.06,0.00,156.02,500.00,-343.98,-12083.98,1800.00,-13883.98,-14603.98,1800.00,-16403.98,10000.00,97094.82,91214.82,measured,measured_40pct_0pct_setup,0.00
6,1.98,1.00,0.04,2.94,2995.00,579.26,0.00,231.70,500.00,-268.30,-5288.30,1800.00,-7088.30,-11168.30,1800.00,-12968.30,13000.00,77006.53,65246.53,measured,measured_40pct_0pct_setup,0.00
7,2.94,1.00,0.06,3.88,2995.00,764.67,0.00,305.87,500.00,-194.13,-5214.13,1800.00,-7014.13,-11094.13,1800.00,-12894.13,8000.00,61992.40,44352.40,measured,measured_40pct_0pct_setup,0.00
8,3.88,1.00,0.08,4.80,2995.00,946.38,0.00,378.55,500.00,-121.45,-2621.45,1800.00,-4421.45,-9341.45,1800.00,-11141.45,8000.00,49570.95,25210.95,measured,measured_40pct_0pct_setup,0.00
9,4.80,0.00,0.10,4.71,0.00,927.45,0.00,370.98,500.00,-129.02,730.98,1800.00,-1069.02,-7669.02,1800.00,-9469.02,8000.00,40501.93,7741.93,measured,measured_40pct_0pct_setup,0.00
10,4.71,0.00,0.09,4.61,0.00,908.90,0.00,363.56,500.00,-136.44,723.56,1800.00,-1076.44,-7676.44,1800.00,-9476.44,8000.00,31425.49,-9734.51,measured,measured_40pct_0pct_setup,0.00
11,4.61,0.00,0.09,4.52,0.00,890.73,0.00,356.29,500.00,-143.71,3236.29,1800.00,1436.29,-5163.71,1800.00,-6963.71,4500.00,28361.78,-21198.22,measured,measured_40pct_0pct_setup,0.00
12,4.52,0.00,0.09,4.43,0.00,872.91,0.00,349.16,500.00,-150.84,4909.16,1800.00,3109.16,-3490.84,1800.00,-5290.84,4500.00,26970.95,-30989.05,measured,measured_40pct_0pct_setup,0.00
13,4.43,0.00,0.09,4.34,0.00,855.45,0.00,342.18,500.00,-157.82,4902.18,4982.01,-79.83,-3497.82,4982.01,-8479.83,0.00,26891.12,-39468.88,measured,measured_40pct_0pct_setup,0.00
14,4.34,0.00,0.09,4.26,0.00,838.34,0.00,335.34,500.00,-164.66,4895.34,4982.01,-86.67,-3504.66,4982.01,-8486.67,0.00,26804.44,-47955.56,measured,measured_40pct_0pct_setup,0.00
15,4.26,0.00,0.09,4.17,0.00,821.58,0.00,328.63,500.00,-171.37,4888.63,4982.01,-93.38,-3511.37,4982.01,-8493.38,0.00,26711.07,-56448.93,measured,measured_40pct_0pct_setup,0.00
16,4.17,0.00,0.08,4.09,0.00,805.15,0.00,322.06,500.00,-177.94,4882.06,4982.01,-99.95,-3517.94,4982.01,-8499.95,0.00,26611.11,-64948.89,measured,measured_40pct_0pct_setup,0.00
17,4.09,0.00,0.08,4.01,0.00,789.04,0.00,315.62,500.00,-184.38,4875.62,4982.01,-106.39,-3524.38,4982.01,-8506.39,0.00,26504.72,-73455.28,measured,measured_40pct_0pct_setup,0.00
18,4.01,0.00,0.08,3.93,0.00,773.26,0.00,309.30,500.00,-190.70,4869.30,4982.01,-112.71,-3530.70,4982.01,-8512.71,0.00,26392.01,-81967.99,measured,measured_40pct_0pct_setup,0.00
19,3.93,0.00,0.08,3.85,0.00,757.80,0.00,303.12,500.00,-196.88,4863.12,4982.01,-118.89,-3536.88,4982.01,-8518.89,0.00,26273.12,-90486.88,measured,measured_40pct_0pct_setup,0.00
20,3.85,0.00,0.08,3.77,0.00,742.64,0.00,297.06,500.00,-202.94,4857.06,4982.01,-124.95,-3542.94,4982.01,-8524.95,0.00,26148.17,-99011.83,measured,measured_40pct_0pct_setup,0.00
21,3.77,0.00,0.08,3.69,0.00,727.79,0.00,291.12,500.00,-208.88,4851.12,4982.01,-130.89,-3548.88,4982.01,-8530.89,0.00,26017.27,-107542.73,measured,measured_40pct_0pct_setup,0.00
22,3.69,0.00,0.07,3.62,0.00,713.23,0.00,285.29,500.00,-214.71,4845.29,4982.01,-136.72,-3554.71,4982.01,-8536.72,0.00,25880.56,-116079.44,measured,measured_40pct_0pct_setup,0.00
23,3.62,0.00,0.07,3.55,0.00,698.97,0.00,279.59,500.00,-220.41,4839.59,4982.01,-142.42,-3560.41,4982.01,-8542.42,0.00,25738.13,-124621.87,measured,measured_40pct_0pct_setup,0.00
24,3.55,0.00,0.07,3.48,0.00,684.99,0.00,274.00,500.00,-226.00,4834.00,4982.01,-148.01,-3566.00,4982.01,-8548.01,0.00,25590.12,-133169.88,measured,measured_40pct_0pct_setup,0.00
1,0.00,0.00,0.00,0.00,0.00,0.00,0.00,0.00,0.00,0.00,-16780.00,1800.00,-18580.00,-16780.00,1800.00,-18580.00,14000.00,207420.00,207420.00,measured,measured_60pct_10pct_setup,0.10
2,0.00,0.00,0.00,0.00,0.00,0.00,0.00,0.00,0.00,0.00,-16780.00,1800.00,-18580.00,-16780.00,1800.00,-18580.00,14000.00,174840.00,174840.00,measured,measured_60pct_10pct_setup,0.10
3,0.00,0.00,0.00,0.00,0.00,0.00,0.00,0.00,0.00,0.00,-15100.00,1800.00,-16900.00,-15940.00,1800.00,-17740.00,13000.00,144940.00,144100.00,measured,measured_60pct_10pct_setup,0.10
4,0.00,1.00,0.00,1.00,2995.00,197.00,299.50,118.20,500.00,-82.30,-11822.30,1800.00,-13622.30,-14342.30,1800.00,-16142.30,10000.00,121317.70,117957.70,measured,measured_60pct_10pct_setup,0.10
5,1.00,1.00,0.02,1.98,2995.00,390.06,299.50,234.04,500.00,33.54,-11706.46,1800.00,-13506.46,-14226.46,1800.00,-16026.46,10000.00,97811.24,91931.24,measured,measured_60pct_10pct_setup,0.10
6,1.98,1.00,0.04,2.94,2995.00,579.26,299.50,347.56,500.00,147.06,-4872.94,1800.00,-6672.94,-10752.94,1800.00,-12552.94,13000.00,78138.29,66378.29,measured,measured_60pct_10pct_setup,0.10
7,2.94,1.00,0.06,3.88,2995.00,764.67,299.50,458.80,500.00,258.30,-4761.70,1800.00,-6561.70,-10641.70,1800.00,-12441.70,8000.00,63576.60,45936.60,measured,measured_60pct_10pct_setup,0.10
8,3.88,1.00,0.08,4.80,2995.00,946.38,299.50,567.83,500.00,367.33,-2132.67,1800.00,-3932.67,-8852.67,1800.00,-10652.67,8000.00,51643.92,27283.92,measured,measured_60pct_10pct_setup,0.10
9,4.80,0.00,0.10,4.71,0.00,927.45,0.00,556.47,500.00,56.47,916.47,1800.00,-883.53,-7483.53,1800.00,-9283.53,8000.00,42760.40,10000.40,measured,measured_60pct_10pct_setup,0.10
10,4.71,0.00,0.09,4.61,0.00,908.90,0.00,545.34,500.00,45.34,905.34,1800.00,-894.66,-7494.66,1800.00,-9294.66,8000.00,33865.74,-7294.26,measured,measured_60pct_10pct_setup,0.10
11,4.61,0.00,0.09,4.52,0.00,890.73,0.00,534.44,500.00,34.44,3414.44,1800.00,1614.44,-4985.56,1800.00,-6785.56,4500.00,30980.17,-18579.83,measured,measured_60pct_10pct_setup,0.10
12,4.52,0.00,0.09,4.43,0.00,872.91,0.00,523.75,500.00,23.75,5083.75,1800.00,3283.75,-3316.25,1800.00,-5116.25,4500.00,29763.92,-28196.08,measured,measured_60pct_10pct_setup,0.10
13,4.43,0.00,0.09,4.34,0.00,855.45,0.00,513.27,500.00,13.27,5073.27,4982.01,91.26,-3326.73,4982.01,-8308.74,0.00,29855.18,-36504.82,measured,measured_60pct_10pct_setup,0.10
14,4.34,0.00,0.09,4.26,0.00,838.34,0.00,503.01,500.00,3.01,5063.01,4982.01,81.00,-3336.99,4982.01,-8319.00,0.00,29936.18,-44823.82,measured,measured_60pct_10pct_setup,0.10
15,4.26,0.00,0.09,4.17,0.00,821.58,0.00,492.95,500.00,-7.05,5052.95,4982.01,70.94,-3347.05,4982.01,-8329.06,0.00,30007.11,-53152.89,measured,measured_60pct_10pct_setup,0.10
16,4.17,0.00,0.08,4.09,0.00,805.15,0.00,483.09,500.00,-16.91,5043.09,4982.01,61.08,-3356.91,4982.01,-8338.92,0.00,30068.19,-61491.81,measured,measured_60pct_10pct_setup,0.10
17,4.09,0.00,0.08,4.01,0.00,789.04,0.00,473.43,500.00,-26.57,5033.43,4982.01,51.42,-3366.57,4982.01,-8348.58,0.00,30119.61,-69840.39,measured,measured_60pct_10pct_setup,0.10
18,4.01,0.00,0.08,3.93,0.00,773.26,0.00,463.96,500.00,-36.04,5023.96,4982.01,41.95,-3376.04,4982.01,-8358.05,0.00,30161.55,-78198.45,measured,measured_60pct_10pct_setup,0.10
19,3.93,0.00,0.08,3.85,0.00,757.80,0.00,454.68,500.00,-45.32,5014.68,4982.01,32.67,-3385.32,4982.01,-8367.33,0.00,30194.22,-86565.78,measured,measured_60pct_10pct_setup,0.10
20,3.85,0.00,0.08,3.77,0.00,742.64,0.00,445.58,500.00,-54.42,5005.58,4982.01,23.57,-3394.42,4982.01,-8376.43,0.00,30217.79,-94942.21,measured,measured_60pct_10pct_setup,0.10
21,3.77,0.00,0.08,3.69,0.00,727.79,0.00,436.67,500.00,-63.33,4996.67,4982.01,14.66,-3403.33,4982.01,-8385.34,0.00,30232.46,-103327.54,measured,measured_60pct_10pct_setup,0.10
22,3.69,0.00,0.07,3.62,0.00,713.23,0.00,427.94,500.00,-72.06,4987.94,4982.01,5.93,-3412.06,4982.01,-8394.07,0.00,30238.39,-111721.61,measured,measured_60pct_10pct_setup,0.10
23,3.62,0.00,0.07,3.55,0.00,698.97,0.00,419.38,500.00,-80.62,4979.38,4982.01,-2.63,-3420.62,4982.01,-8402.63,0.00,30235.76,-120124.24,measured,measured_60pct_10pct_setup,0.10
24,3.55,0.00,0.07,3.48,0.00,684.99,0.00,410.99,500.00,-89.01,4970.99,4982.01,-11.02,-3429.01,4982.01,-8411.02,0.00,30224.74,-128535.26,measured,measured_60pct_10pct_setup,0.10
1,0.00,0.00,0.00,0.00,0.00,0.00,0.00,0.00,0.00,0.00,-16780.00,1800.00,-18580.00,-16780.00,1800.00,-18580.00,14000.00,207420.00,207420.00,measured,measured_60pct_0pct_setup,0.00
2,0.00,0.00,0.00,0.00,0.00,0.00,0.00,0.00,0.00,0.00,-16780.00,1800.00,-18580.00,-16780.00,1800.00,-18580.00,14000.00,174840.00,174840.00,measured,measured_60pct_0pct_setup,0.00
3,0.00,0.00,0.00,0.00,0.00,0.00,0.00,0.00,0.00,0.00,-15100.00,1800.00,-16900.00,-15940.00,1800.00,-17740.00,13000.00,144940.00,144100.00,measured,measured_60pct_0pct_setup,0.00
4,0.00,1.00,0.00,1.00,2995.00,197.00,0.00,118.20,500.00,-381.80,-12121.80,1800.00,-13921.80,-14641.80,1800.00,-16441.80,10000.00,121018.20,117658.20,measured,measured_60pct_0pct_setup,0.00
5,1.00,1.00,0.02,1.98,2995.00,390.06,0.00,234.04,500.00,-265.96,-12005.96,1800.00,-13805.96,-14525.96,1800.00,-16325.96,10000.00,97212.24,91332.24,measured,measured_60pct_0pct_setup,0.00
6,1.98,1.00,0.04,2.94,2995.00,579.26,0.00,347.56,500.00,-152.44,-5172.44,1800.00,-6972.44,-11052.44,1800.00,-12852.44,13000.00,77239.79,65479.79,measured,measured_60pct_0pct_setup,0.00
7,2.94,1.00,0.06,3.88,2995.00,764.67,0.00,458.80,500.00,-41.20,-5061.20,1800.00,-6861.20,-10941.20,1800.00,-12741.20,8000.00,62378.60,44738.60,measured,measured_60pct_0pct_setup,0.00
8,3.88,1.00,0.08,4.80,2995.00,946.38,0.00,567.83,500.00,67.83,-2432.17,1800.00,-4232.17,-9152.17,1800.00,-10952.17,8000.00,50146.42,25786.42,measured,measured_60pct_0pct_setup,0.00
9,4.80,0.00,0.10,4.71,0.00,927.45,0.00,556.47,500.00,56.47,916.47,1800.00,-883.53,-7483.53,1800.00,-9283.53,8000.00,41262.90,8502.90,measured,measured_60pct_0pct_setup,0.00
10,4.71,0.00,0.09,4.61,0.00,908.90,0.00,545.34,500.00,45.34,905.34,1800.00,-894.66,-7494.66,1800.00,-9294.66,8000.00,32368.24,-8791.76,measured,measured_60pct_0pct_setup,0.00
11,4.61,0.00,0.09,4.52,0.00,890.73,0.00,534.44,500.00,34.44,3414.44,1800.00,1614.44,-4985.56,1800.00,-6785.56,4500.00,29482.67,-20077.33,measured,measured_60pct_0pct_setup,0.00
12,4.52,0.00,0.09,4.43,0.00,872.91,0.00,523.75,500.00,23.75,5083.75,1800.00,3283.75,-3316.25,1800.00,-5116.25,4500.00,28266.42,-29693.58,measured,measured_60pct_0pct_setup,0.00
13,4.43,0.00,0.09,4.34,0.00,855.45,0.00,513.27,500.00,13.27,5073.27,4982.01,91.26,-3326.73,4982.01,-8308.74,0.00,28357.68,-38002.32,measured,measured_60pct_0pct_setup,0.00
14,4.34,0.00,0.09,4.26,0.00,838.34,0.00,503.01,500.00,3.01,5063.01,4982.01,81.00,-3336.99,4982.01,-8319.00,0.00,28438.68,-46321.32,measured,measured_60pct_0pct_setup,0.00
15,4.26,0.00,0.09,4.17,0.00,821.58,0.00,492.95,500.00,-7.05,5052.95,4982.01,70.94,-3347.05,4982.01,-8329.06,0.00,28509.61,-54650.39,measured,measured_60pct_0pct_setup,0.00
16,4.17,0.00,0.08,4.09,0.00,805.15,0.00,483.09,500.00,-16.91,5043.09,4982.01,61.08,-3356.91,4982.01,-8338.92,0.00,28570.69,-62989.31,measured,measured_60pct_0pct_setup,0.00
17,4.09,0.00,0.08,4.01,0.00,789.04,0.00,473.43,500.00,-26.57,5033.43,4982.01,51.42,-3366.57,4982.01,-8348.58,0.00,28622.11,-71337.89,measured,measured_60pct_0pct_setup,0.00
18,4.01,0.00,0.08,3.93,0.00,773.26,0.00,463.96,500.00,-36.04,5023.96,4982.01,41.95,-3376.04,4982.01,-8358.05,0.00,28664.05,-79695.95,measured,measured_60pct_0pct_setup,0.00
19,3.93,0.00,0.08,3.85,0.00,757.80,0.00,454.68,500.00,-45.32,5014.68,4982.01,32.67,-3385.32,4982.01,-8367.33,0.00,28696.72,-88063.28,measured,measured_60pct_0pct_setup,0.00
20,3.85,0.00,0.08,3.77,0.00,742.64,0.00,445.58,500.00,-54.42,5005.58,4982.01,23.57,-3394.42,4982.01,-8376.43,0.00,28720.29,-96439.71,measured,measured_60pct_0pct_setup,0.00
21,3.77,0.00,0.08,3.69,0.00,727.79,0.00,436.67,500.00,-63.33,4996.67,4982.01,14.66,-3403.33,4982.01,-8385.34,0.00,28734.96,-104825.04,measured,measured_60pct_0pct_setup,0.00
22,3.69,0.00,0.07,3.62,0.00,713.23,0.00,427.94,500.00,-72.06,4987.94,4982.01,5.93,-3412.06,4982.01,-8394.07,0.00,28740.89,-113219.11,measured,measured_60pct_0pct_setup,0.00
23,3.62,0.00,0.07,3.55,0.00,698.97,0.00,419.38,500.00,-80.62,4979.38,4982.01,-2.63,-3420.62,4982.01,-8402.63,0.00,28738.26,-121621.74,measured,measured_60pct_0pct_setup,0.00
24,3.55,0.00,0.07,3.48,0.00,684.99,0.00,410.99,500.00,-89.01,4970.99,4982.01,-11.02,-3429.01,4982.01,-8411.02,0.00,28727.24,-130032.76,measured,measured_60pct_0pct_setup,0.00
1,0.00,0.00,0.00,0.00,0.00,0.00,0.00,0.00,0.00,0.00,-16780.00,1800.00,-18580.00,-16780.00,1800.00,-18580.00,14000.00,207420.00,207420.00,delayed,delayed_40pct_10pct_setup,0.10
2,0.00,0.00,0.00,0.00,0.00,0.00,0.00,0.00,0.00,0.00,-16780.00,1800.00,-18580.00,-16780.00,1800.00,-18580.00,14000.00,174840.00,174840.00,delayed,delayed_40pct_10pct_setup,0.10
3,0.00,0.00,0.00,0.00,0.00,0.00,0.00,0.00,0.00,0.00,-15100.00,1800.00,-16900.00,-15940.00,1800.00,-17740.00,13000.00,144940.00,144100.00,delayed,delayed_40pct_10pct_setup,0.10
4,0.00,0.00,0.00,0.00,0.00,0.00,0.00,0.00,0.00,0.00,-11740.00,1800.00,-13540.00,-14260.00,1800.00,-16060.00,10000.00,121400.00,118040.00,delayed,delayed_40pct_10pct_setup,0.10
5,0.00,0.00,0.00,0.00,0.00,0.00,0.00,0.00,0.00,0.00,-11740.00,1800.00,-13540.00,-14260.00,1800.00,-16060.00,10000.00,97860.00,91980.00,delayed,delayed_40pct_10pct_setup,0.10
6,0.00,0.00,0.00,0.00,0.00,0.00,0.00,0.00,0.00,0.00,-5020.00,1800.00,-6820.00,-10900.00,1800.00,-12700.00,13000.00,78040.00,66280.00,delayed,delayed_40pct_10pct_setup,0.10
7,0.00,1.00,0.00,1.00,2995.00,197.00,299.50,78.80,500.00,-121.70,-5141.70,1800.00,-6941.70,-11021.70,1800.00,-12821.70,8000.00,63098.30,45458.30,delayed,delayed_40pct_10pct_setup,0.10
8,1.00,1.00,0.02,1.98,2995.00,390.06,299.50,156.02,500.00,-44.48,-2544.48,1800.00,-4344.48,-9264.48,1800.00,-11064.48,8000.00,50753.82,26393.82,delayed,delayed_40pct_10pct_setup,0.10
9,1.98,1.00,0.04,2.94,2995.00,579.26,299.50,231.70,500.00,31.20,891.20,1800.00,-908.80,-7508.80,1800.00,-9308.80,8000.00,41845.03,9085.03,delayed,delayed_40pct_10pct_setup,0.10
10,2.94,1.00,0.06,3.88,2995.00,764.67,299.50,305.87,500.00,105.37,965.37,1800.00,-834.63,-7434.63,1800.00,-9234.63,8000.00,33010.40,-8149.60,delayed,delayed_40pct_10pct_setup,0.10
11,3.88,1.00,0.08,4.80,2995.00,946.38,299.50,378.55,500.00,178.05,3558.05,1800.00,1758.05,-4841.95,1800.00,-6641.95,4500.00,30268.45,-19291.55,delayed,delayed_40pct_10pct_setup,0.10
12,4.80,0.00,0.10,4.71,0.00,927.45,0.00,370.98,500.00,-129.02,4930.98,1800.00,3130.98,-3469.02,1800.00,-5269.02,4500.00,28899.43,-29060.57,delayed,delayed_40pct_10pct_setup,0.10
13,4.71,0.00,0.09,4.61,0.00,908.90,0.00,363.56,500.00,-136.44,4923.56,4982.01,-58.45,-3476.44,4982.01,-8458.45,0.00,28840.98,-37519.02,delayed,delayed_40pct_10pct_setup,0.10
14,4.61,0.00,0.09,4.52,0.00,890.73,0.00,356.29,500.00,-143.71,4916.29,4982.01,-65.72,-3483.71,4982.01,-8465.72,0.00,28775.26,-45984.74,delayed,delayed_40pct_10pct_setup,0.10
15,4.52,0.00,0.09,4.43,0.00,872.91,0.00,349.16,500.00,-150.84,4909.16,4982.01,-72.85,-3490.84,4982.01,-8472.85,0.00,28702.42,-54457.58,delayed,delayed_40pct_10pct_setup,0.10
16,4.43,0.00,0.09,4.34,0.00,855.45,0.00,342.18,500.00,-157.82,4902.18,4982.01,-79.83,-3497.82,4982.01,-8479.83,0.00,28622.59,-62937.41,delayed,delayed_40pct_10pct_setup,0.10
17,4.34,0.00,0.09,4.26,0.00,838.34,0.00,335.34,500.00,-164.66,4895.34,4982.01,-86.67,-3504.66,4982.01,-8486.67,0.00,28535.91,-71424.09,delayed,delayed_40pct_10pct_setup,0.10
18,4.26,0.00,0.09,4.17,0.00,821.58,0.00,328.63,500.00,-171.37,4888.63,4982.01,-93.38,-3511.37,4982.01,-8493.38,0.00,28442.54,-79917.46,delayed,delayed_40pct_10pct_setup,0.10
19,4.17,0.00,0.08,4.09,0.00,805.15,0.00,322.06,500.00,-177.94,4882.06,4982.01,-99.95,-3517.94,4982.01,-8499.95,0.00,28342.58,-88417.42,delayed,delayed_40pct_10pct_setup,0.10
20,4.09,0.00,0.08,4.01,0.00,789.04,0.00,315.62,500.00,-184.38,4875.62,4982.01,-106.39,-3524.38,4982.01,-8506.39,0.00,28236.19,-96923.81,delayed,delayed_40pct_10pct_setup,0.10
21,4.01,0.00,0.08,3.93,0.00,773.26,0.00,309.30,500.00,-190.70,4869.30,4982.01,-112.71,-3530.70,4982.01,-8512.71,0.00,28123.48,-105436.52,delayed,delayed_40pct_10pct_setup,0.10
22,3.93,0.00,0.08,3.85,0.00,757.80,0.00,303.12,500.00,-196.88,4863.12,4982.01,-118.89,-3536.88,4982.01,-8518.89,0.00,28004.59,-113955.41,delayed,delayed_40pct_10pct_setup,0.10
23,3.85,0.00,0.08,3.77,0.00,742.64,0.00,297.06,500.00,-202.94,4857.06,4982.01,-124.95,-3542.94,4982.01,-8524.95,0.00,27879.64,-122480.36,delayed,delayed_40pct_10pct_setup,0.10
24,3.77,0.00,0.08,3.69,0.00,727.79,0.00,291.12,500.00,-208.88,4851.12,4982.01,-130.89,-3548.88,4982.01,-8530.89,0.00,27748.74,-131011.26,delayed,delayed_40pct_10pct_setup,0.10
1,0.00,0.00,0.00,0.00,0.00,0.00,0.00,0.00,0.00,0.00,-16780.00,1800.00,-18580.00,-16780.00,1800.00,-18580.00,14000.00,207420.00,207420.00,delayed,delayed_40pct_0pct_setup,0.00
2,0.00,0.00,0.00,0.00,0.00,0.00,0.00,0.00,0.00,0.00,-16780.00,1800.00,-18580.00,-16780.00,1800.00,-18580.00,14000.00,174840.00,174840.00,delayed,delayed_40pct_0pct_setup,0.00
3,0.00,0.00,0.00,0.00,0.00,0.00,0.00,0.00,0.00,0.00,-15100.00,1800.00,-16900.00,-15940.00,1800.00,-17740.00,13000.00,144940.00,144100.00,delayed,delayed_40pct_0pct_setup,0.00
4,0.00,0.00,0.00,0.00,0.00,0.00,0.00,0.00,0.00,0.00,-11740.00,1800.00,-13540.00,-14260.00,1800.00,-16060.00,10000.00,121400.00,118040.00,delayed,delayed_40pct_0pct_setup,0.00
5,0.00,0.00,0.00,0.00,0.00,0.00,0.00,0.00,0.00,0.00,-11740.00,1800.00,-13540.00,-14260.00,1800.00,-16060.00,10000.00,97860.00,91980.00,delayed,delayed_40pct_0pct_setup,0.00
6,0.00,0.00,0.00,0.00,0.00,0.00,0.00,0.00,0.00,0.00,-5020.00,1800.00,-6820.00,-10900.00,1800.00,-12700.00,13000.00,78040.00,66280.00,delayed,delayed_40pct_0pct_setup,0.00
7,0.00,1.00,0.00,1.00,2995.00,197.00,0.00,78.80,500.00,-421.20,-5441.20,1800.00,-7241.20,-11321.20,1800.00,-13121.20,8000.00,62798.80,45158.80,delayed,delayed_40pct_0pct_setup,0.00
8,1.00,1.00,0.02,1.98,2995.00,390.06,0.00,156.02,500.00,-343.98,-2843.98,1800.00,-4643.98,-9563.98,1800.00,-11363.98,8000.00,50154.82,25794.82,delayed,delayed_40pct_0pct_setup,0.00
9,1.98,1.00,0.04,2.94,2995.00,579.26,0.00,231.70,500.00,-268.30,591.70,1800.00,-1208.30,-7808.30,1800.00,-9608.30,8000.00,40946.53,8186.53,delayed,delayed_40pct_0pct_setup,0.00
10,2.94,1.00,0.06,3.88,2995.00,764.67,0.00,305.87,500.00,-194.13,665.87,1800.00,-1134.13,-7734.13,1800.00,-9534.13,8000.00,31812.40,-9347.60,delayed,delayed_40pct_0pct_setup,0.00
11,3.88,1.00,0.08,4.80,2995.00,946.38,0.00,378.55,500.00,-121.45,3258.55,1800.00,1458.55,-5141.45,1800.00,-6941.45,4500.00,28770.95,-20789.05,delayed,delayed_40pct_0pct_setup,0.00
12,4.80,0.00,0.10,4.71,0.00,927.45,0.00,370.98,500.00,-129.02,4930.98,1800.00,3130.98,-3469.02,1800.00,-5269.02,4500.00,27401.93,-30558.07,delayed,delayed_40pct_0pct_setup,0.00
13,4.71,0.00,0.09,4.61,0.00,908.90,0.00,363.56,500.00,-136.44,4923.56,4982.01,-58.45,-3476.44,4982.01,-8458.45,0.00,27343.48,-39016.52,delayed,delayed_40pct_0pct_setup,0.00
14,4.61,0.00,0.09,4.52,0.00,890.73,0.00,356.29,500.00,-143.71,4916.29,4982.01,-65.72,-3483.71,4982.01,-8465.72,0.00,27277.76,-47482.24,delayed,delayed_40pct_0pct_setup,0.00
15,4.52,0.00,0.09,4.43,0.00,872.91,0.00,349.16,500.00,-150.84,4909.16,4982.01,-72.85,-3490.84,4982.01,-8472.85,0.00,27204.92,-55955.08,delayed,delayed_40pct_0pct_setup,0.00
16,4.43,0.00,0.09,4.34,0.00,855.45,0.00,342.18,500.00,-157.82,4902.18,4982.01,-79.83,-3497.82,4982.01,-8479.83,0.00,27125.09,-64434.91,delayed,delayed_40pct_0pct_setup,0.00
17,4.34,0.00,0.09,4.26,0.00,838.34,0.00,335.34,500.00,-164.66,4895.34,4982.01,-86.67,-3504.66,4982.01,-8486.67,0.00,27038.41,-72921.59,delayed,delayed_40pct_0pct_setup,0.00
18,4.26,0.00,0.09,4.17,0.00,821.58,0.00,328.63,500.00,-171.37,4888.63,4982.01,-93.38,-3511.37,4982.01,-8493.38,0.00,26945.04,-81414.96,delayed,delayed_40pct_0pct_setup,0.00
19,4.17,0.00,0.08,4.09,0.00,805.15,0.00,322.06,500.00,-177.94,4882.06,4982.01,-99.95,-3517.94,4982.01,-8499.95,0.00,26845.08,-89914.92,delayed,delayed_40pct_0pct_setup,0.00
20,4.09,0.00,0.08,4.01,0.00,789.04,0.00,315.62,500.00,-184.38,4875.62,4982.01,-106.39,-3524.38,4982.01,-8506.39,0.00,26738.69,-98421.31,delayed,delayed_40pct_0pct_setup,0.00
21,4.01,0.00,0.08,3.93,0.00,773.26,0.00,309.30,500.00,-190.70,4869.30,4982.01,-112.71,-3530.70,4982.01,-8512.71,0.00,26625.98,-106934.02,delayed,delayed_40pct_0pct_setup,0.00
22,3.93,0.00,0.08,3.85,0.00,757.80,0.00,303.12,500.00,-196.88,4863.12,4982.01,-118.89,-3536.88,4982.01,-8518.89,0.00,26507.09,-115452.91,delayed,delayed_40pct_0pct_setup,0.00
23,3.85,0.00,0.08,3.77,0.00,742.64,0.00,297.06,500.00,-202.94,4857.06,4982.01,-124.95,-3542.94,4982.01,-8524.95,0.00,26382.14,-123977.86,delayed,delayed_40pct_0pct_setup,0.00
24,3.77,0.00,0.08,3.69,0.00,727.79,0.00,291.12,500.00,-208.88,4851.12,4982.01,-130.89,-3548.88,4982.01,-8530.89,0.00,26251.24,-132508.76,delayed,delayed_40pct_0pct_setup,0.00
1,0.00,0.00,0.00,0.00,0.00,0.00,0.00,0.00,0.00,0.00,-16780.00,1800.00,-18580.00,-16780.00,1800.00,-18580.00,14000.00,207420.00,207420.00,delayed,delayed_60pct_10pct_setup,0.10
2,0.00,0.00,0.00,0.00,0.00,0.00,0.00,0.00,0.00,0.00,-16780.00,1800.00,-18580.00,-16780.00,1800.00,-18580.00,14000.00,174840.00,174840.00,delayed,delayed_60pct_10pct_setup,0.10
3,0.00,0.00,0.00,0.00,0.00,0.00,0.00,0.00,0.00,0.00,-15100.00,1800.00,-16900.00,-15940.00,1800.00,-17740.00,13000.00,144940.00,144100.00,delayed,delayed_60pct_10pct_setup,0.10
4,0.00,0.00,0.00,0.00,0.00,0.00,0.00,0.00,0.00,0.00,-11740.00,1800.00,-13540.00,-14260.00,1800.00,-16060.00,10000.00,121400.00,118040.00,delayed,delayed_60pct_10pct_setup,0.10
5,0.00,0.00,0.00,0.00,0.00,0.00,0.00,0.00,0.00,0.00,-11740.00,1800.00,-13540.00,-14260.00,1800.00,-16060.00,10000.00,97860.00,91980.00,delayed,delayed_60pct_10pct_setup,0.10
6,0.00,0.00,0.00,0.00,0.00,0.00,0.00,0.00,0.00,0.00,-5020.00,1800.00,-6820.00,-10900.00,1800.00,-12700.00,13000.00,78040.00,66280.00,delayed,delayed_60pct_10pct_setup,0.10
7,0.00,1.00,0.00,1.00,2995.00,197.00,299.50,118.20,500.00,-82.30,-5102.30,1800.00,-6902.30,-10982.30,1800.00,-12782.30,8000.00,63137.70,45497.70,delayed,delayed_60pct_10pct_setup,0.10
8,1.00,1.00,0.02,1.98,2995.00,390.06,299.50,234.04,500.00,33.54,-2466.46,1800.00,-4266.46,-9186.46,1800.00,-10986.46,8000.00,50871.24,26511.24,delayed,delayed_60pct_10pct_setup,0.10
9,1.98,1.00,0.04,2.94,2995.00,579.26,299.50,347.56,500.00,147.06,1007.06,1800.00,-792.94,-7392.94,1800.00,-9192.94,8000.00,42078.29,9318.29,delayed,delayed_60pct_10pct_setup,0.10
10,2.94,1.00,0.06,3.88,2995.00,764.67,299.50,458.80,500.00,258.30,1118.30,1800.00,-681.70,-7281.70,1800.00,-9081.70,8000.00,33396.60,-7763.40,delayed,delayed_60pct_10pct_setup,0.10
11,3.88,1.00,0.08,4.80,2995.00,946.38,299.50,567.83,500.00,367.33,3747.33,1800.00,1947.33,-4652.67,1800.00,-6452.67,4500.00,30843.92,-18716.08,delayed,delayed_60pct_10pct_setup,0.10
12,4.80,0.00,0.10,4.71,0.00,927.45,0.00,556.47,500.00,56.47,5116.47,1800.00,3316.47,-3283.53,1800.00,-5083.53,4500.00,29660.40,-28299.60,delayed,delayed_60pct_10pct_setup,0.10
13,4.71,0.00,0.09,4.61,0.00,908.90,0.00,545.34,500.00,45.34,5105.34,4982.01,123.33,-3294.66,4982.01,-8276.67,0.00,29783.73,-36576.27,delayed,delayed_60pct_10pct_setup,0.10
14,4.61,0.00,0.09,4.52,0.00,890.73,0.00,534.44,500.00,34.44,5094.44,4982.01,112.43,-3305.56,4982.01,-8287.57,0.00,29896.15,-44863.85,delayed,delayed_60pct_10pct_setup,0.10
15,4.52,0.00,0.09,4.43,0.00,872.91,0.00,523.75,500.00,23.75,5083.75,4982.01,101.74,-3316.25,4982.01,-8298.26,0.00,29997.89,-53162.11,delayed,delayed_60pct_10pct_setup,0.10
16,4.43,0.00,0.09,4.34,0.00,855.45,0.00,513.27,500.00,13.27,5073.27,4982.01,91.26,-3326.73,4982.01,-8308.74,0.00,30089.15,-61470.85,delayed,delayed_60pct_10pct_setup,0.10
17,4.34,0.00,0.09,4.26,0.00,838.34,0.00,503.01,500.00,3.01,5063.01,4982.01,81.00,-3336.99,4982.01,-8319.00,0.00,30170.15,-69789.85,delayed,delayed_60pct_10pct_setup,0.10
18,4.26,0.00,0.09,4.17,0.00,821.58,0.00,492.95,500.00,-7.05,5052.95,4982.01,70.94,-3347.05,4982.01,-8329.06,0.00,30241.08,-78118.92,delayed,delayed_60pct_10pct_setup,0.10
19,4.17,0.00,0.08,4.09,0.00,805.15,0.00,483.09,500.00,-16.91,5043.09,4982.01,61.08,-3356.91,4982.01,-8338.92,0.00,30302.16,-86457.84,delayed,delayed_60pct_10pct_setup,0.10
20,4.09,0.00,0.08,4.01,0.00,789.04,0.00,473.43,500.00,-26.57,5033.43,4982.01,51.42,-3366.57,4982.01,-8348.58,0.00,30353.58,-94806.42,delayed,delayed_60pct_10pct_setup,0.10
21,4.01,0.00,0.08,3.93,0.00,773.26,0.00,463.96,500.00,-36.04,5023.96,4982.01,41.95,-3376.04,4982.01,-8358.05,0.00,30395.52,-103164.48,delayed,delayed_60pct_10pct_setup,0.10
22,3.93,0.00,0.08,3.85,0.00,757.80,0.00,454.68,500.00,-45.32,5014.68,4982.01,32.67,-3385.32,4982.01,-8367.33,0.00,30428.19,-111531.81,delayed,delayed_60pct_10pct_setup,0.10
23,3.85,0.00,0.08,3.77,0.00,742.64,0.00,445.58,500.00,-54.42,5005.58,4982.01,23.57,-3394.42,4982.01,-8376.43,0.00,30451.76,-119908.24,delayed,delayed_60pct_10pct_setup,0.10
24,3.77,0.00,0.08,3.69,0.00,727.79,0.00,436.67,500.00,-63.33,4996.67,4982.01,14.66,-3403.33,4982.01,-8385.34,0.00,30466.43,-128293.57,delayed,delayed_60pct_10pct_setup,0.10
1,0.00,0.00,0.00,0.00,0.00,0.00,0.00,0.00,0.00,0.00,-16780.00,1800.00,-18580.00,-16780.00,1800.00,-18580.00,14000.00,207420.00,207420.00,delayed,delayed_60pct_0pct_setup,0.00
2,0.00,0.00,0.00,0.00,0.00,0.00,0.00,0.00,0.00,0.00,-16780.00,1800.00,-18580.00,-16780.00,1800.00,-18580.00,14000.00,174840.00,174840.00,delayed,delayed_60pct_0pct_setup,0.00
3,0.00,0.00,0.00,0.00,0.00,0.00,0.00,0.00,0.00,0.00,-15100.00,1800.00,-16900.00,-15940.00,1800.00,-17740.00,13000.00,144940.00,144100.00,delayed,delayed_60pct_0pct_setup,0.00
4,0.00,0.00,0.00,0.00,0.00,0.00,0.00,0.00,0.00,0.00,-11740.00,1800.00,-13540.00,-14260.00,1800.00,-16060.00,10000.00,121400.00,118040.00,delayed,delayed_60pct_0pct_setup,0.00
5,0.00,0.00,0.00,0.00,0.00,0.00,0.00,0.00,0.00,0.00,-11740.00,1800.00,-13540.00,-14260.00,1800.00,-16060.00,10000.00,97860.00,91980.00,delayed,delayed_60pct_0pct_setup,0.00
6,0.00,0.00,0.00,0.00,0.00,0.00,0.00,0.00,0.00,0.00,-5020.00,1800.00,-6820.00,-10900.00,1800.00,-12700.00,13000.00,78040.00,66280.00,delayed,delayed_60pct_0pct_setup,0.00
7,0.00,1.00,0.00,1.00,2995.00,197.00,0.00,118.20,500.00,-381.80,-5401.80,1800.00,-7201.80,-11281.80,1800.00,-13081.80,8000.00,62838.20,45198.20,delayed,delayed_60pct_0pct_setup,0.00
8,1.00,1.00,0.02,1.98,2995.00,390.06,0.00,234.04,500.00,-265.96,-2765.96,1800.00,-4565.96,-9485.96,1800.00,-11285.96,8000.00,50272.24,25912.24,delayed,delayed_60pct_0pct_setup,0.00
9,1.98,1.00,0.04,2.94,2995.00,579.26,0.00,347.56,500.00,-152.44,707.56,1800.00,-1092.44,-7692.44,1800.00,-9492.44,8000.00,41179.79,8419.79,delayed,delayed_60pct_0pct_setup,0.00
10,2.94,1.00,0.06,3.88,2995.00,764.67,0.00,458.80,500.00,-41.20,818.80,1800.00,-981.20,-7581.20,1800.00,-9381.20,8000.00,32198.60,-8961.40,delayed,delayed_60pct_0pct_setup,0.00
11,3.88,1.00,0.08,4.80,2995.00,946.38,0.00,567.83,500.00,67.83,3447.83,1800.00,1647.83,-4952.17,1800.00,-6752.17,4500.00,29346.42,-20213.58,delayed,delayed_60pct_0pct_setup,0.00
12,4.80,0.00,0.10,4.71,0.00,927.45,0.00,556.47,500.00,56.47,5116.47,1800.00,3316.47,-3283.53,1800.00,-5083.53,4500.00,28162.90,-29797.10,delayed,delayed_60pct_0pct_setup,0.00
13,4.71,0.00,0.09,4.61,0.00,908.90,0.00,545.34,500.00,45.34,5105.34,4982.01,123.33,-3294.66,4982.01,-8276.67,0.00,28286.23,-38073.77,delayed,delayed_60pct_0pct_setup,0.00
14,4.61,0.00,0.09,4.52,0.00,890.73,0.00,534.44,500.00,34.44,5094.44,4982.01,112.43,-3305.56,4982.01,-8287.57,0.00,28398.65,-46361.35,delayed,delayed_60pct_0pct_setup,0.00
15,4.52,0.00,0.09,4.43,0.00,872.91,0.00,523.75,500.00,23.75,5083.75,4982.01,101.74,-3316.25,4982.01,-8298.26,0.00,28500.39,-54659.61,delayed,delayed_60pct_0pct_setup,0.00
16,4.43,0.00,0.09,4.34,0.00,855.45,0.00,513.27,500.00,13.27,5073.27,4982.01,91.26,-3326.73,4982.01,-8308.74,0.00,28591.65,-62968.35,delayed,delayed_60pct_0pct_setup,0.00
17,4.34,0.00,0.09,4.26,0.00,838.34,0.00,503.01,500.00,3.01,5063.01,4982.01,81.00,-3336.99,4982.01,-8319.00,0.00,28672.65,-71287.35,delayed,delayed_60pct_0pct_setup,0.00
18,4.26,0.00,0.09,4.17,0.00,821.58,0.00,492.95,500.00,-7.05,5052.95,4982.01,70.94,-3347.05,4982.01,-8329.06,0.00,28743.58,-79616.42,delayed,delayed_60pct_0pct_setup,0.00
19,4.17,0.00,0.08,4.09,0.00,805.15,0.00,483.09,500.00,-16.91,5043.09,4982.01,61.08,-3356.91,4982.01,-8338.92,0.00,28804.66,-87955.34,delayed,delayed_60pct_0pct_setup,0.00
20,4.09,0.00,0.08,4.01,0.00,789.04,0.00,473.43,500.00,-26.57,5033.43,4982.01,51.42,-3366.57,4982.01,-8348.58,0.00,28856.08,-96303.92,delayed,delayed_60pct_0pct_setup,0.00
21,4.01,0.00,0.08,3.93,0.00,773.26,0.00,463.96,500.00,-36.04,5023.96,4982.01,41.95,-3376.04,4982.01,-8358.05,0.00,28898.02,-104661.98,delayed,delayed_60pct_0pct_setup,0.00
22,3.93,0.00,0.08,3.85,0.00,757.80,0.00,454.68,500.00,-45.32,5014.68,4982.01,32.67,-3385.32,4982.01,-8367.33,0.00,28930.69,-113029.31,delayed,delayed_60pct_0pct_setup,0.00
23,3.85,0.00,0.08,3.77,0.00,742.64,0.00,445.58,500.00,-54.42,5005.58,4982.01,23.57,-3394.42,4982.01,-8376.43,0.00,28954.26,-121405.74,delayed,delayed_60pct_0pct_setup,0.00
24,3.77,0.00,0.08,3.69,0.00,727.79,0.00,436.67,500.00,-63.33,4996.67,4982.01,14.66,-3403.33,4982.01,-8385.34,0.00,28968.93,-129791.07,delayed,delayed_60pct_0pct_setup,0.00
1,0.00,0.00,0.00,0.00,0.00,0.00,0.00,0.00,0.00,0.00,-16780.00,1800.00,-18580.00,-16780.00,1800.00,-18580.00,14000.00,207420.00,207420.00,growth,growth_40pct_10pct_setup,0.10
2,0.00,0.00,0.00,0.00,0.00,0.00,0.00,0.00,0.00,0.00,-16780.00,1800.00,-18580.00,-16780.00,1800.00,-18580.00,14000.00,174840.00,174840.00,growth,growth_40pct_10pct_setup,0.10
3,0.00,0.00,0.00,0.00,0.00,0.00,0.00,0.00,0.00,0.00,-15100.00,1800.00,-16900.00,-15940.00,1800.00,-17740.00,13000.00,144940.00,144100.00,growth,growth_40pct_10pct_setup,0.10
4,0.00,2.00,0.00,2.00,5990.00,394.00,599.00,157.60,500.00,256.60,-11483.40,1800.00,-13283.40,-14003.40,1800.00,-15803.40,10000.00,121656.60,118296.60,growth,growth_40pct_10pct_setup,0.10
5,2.00,2.00,0.04,3.96,5990.00,780.12,599.00,312.05,500.00,411.05,-11328.95,1800.00,-13128.95,-13848.95,1800.00,-15648.95,10000.00,98527.65,92647.65,growth,growth_40pct_10pct_setup,0.10
6,3.96,2.00,0.08,5.88,5990.00,1158.52,599.00,463.41,500.00,562.41,-4457.59,1800.00,-6257.59,-10337.59,1800.00,-12137.59,13000.00,79270.06,67510.06,growth,growth_40pct_10pct_setup,0.10
7,5.88,2.00,0.12,7.76,5990.00,1529.35,599.00,611.74,500.00,710.74,-4309.26,1800.00,-6109.26,-10189.26,1800.00,-11989.26,8000.00,65160.79,47520.79,growth,growth_40pct_10pct_setup,0.10
8,7.76,2.00,0.16,9.61,5990.00,1892.76,599.00,757.10,500.00,856.10,-1643.90,1800.00,-3443.90,-8363.90,1800.00,-10163.90,8000.00,53716.90,29356.90,growth,growth_40pct_10pct_setup,0.10
9,9.61,1.00,0.19,10.42,2995.00,2051.91,299.50,820.76,500.00,620.26,1480.26,1800.00,-319.74,-6919.74,1800.00,-8719.74,8000.00,45397.16,12637.16,growth,growth_40pct_10pct_setup,0.10
10,10.42,1.00,0.21,11.21,2995.00,2207.87,299.50,883.15,500.00,682.65,1542.65,1800.00,-257.35,-6857.35,1800.00,-8657.35,8000.00,37139.81,-4020.19,growth,growth_40pct_10pct_setup,0.10
11,11.21,1.00,0.22,11.98,2995.00,2360.71,299.50,944.28,500.00,743.78,4123.78,1800.00,2323.78,-4276.22,1800.00,-6076.22,4500.00,34963.59,-14596.41,growth,growth_40pct_10pct_setup,0.10
12,11.98,1.00,0.24,12.74,2995.00,2510.50,299.50,1004.20,500.00,803.70,5863.70,1800.00,4063.70,-2536.30,1800.00,-4336.30,4500.00,34527.29,-23432.71,growth,growth_40pct_10pct_setup,0.10
13,12.74,1.00,0.25,13.49,2995.00,2657.29,299.50,1062.91,500.00,862.41,5922.41,4982.01,940.40,-2477.59,4982.01,-7459.60,0.00,35467.69,-30892.31,growth,growth_40pct_10pct_setup,0.10
14,13.49,1.00,0.27,14.22,2995.00,2801.14,299.50,1120.46,500.00,919.96,5979.96,4982.01,997.95,-2420.04,4982.01,-7402.05,0.00,36465.64,-38294.36,growth,growth_40pct_10pct_setup,0.10
15,14.22,1.00,0.28,14.93,2995.00,2942.12,299.50,1176.85,500.00,976.35,6036.35,4982.01,1054.34,-2363.65,4982.01,-7345.66,0.00,37519.98,-45640.02,growth,growth_40pct_10pct_setup,0.10
16,14.93,1.00,0.30,15.64,2995.00,3080.27,299.50,1232.11,500.00,1031.61,6091.61,4982.01,1109.60,-2308.39,4982.01,-7290.40,0.00,38629.58,-52930.42,growth,growth_40pct_10pct_setup,0.10
17,15.64,1.00,0.31,16.32,2995.00,3215.67,299.50,1286.27,500.00,1085.77,6145.77,4982.01,1163.76,-2254.23,4982.01,-7236.24,0.00,39793.33,-60166.67,growth,growth_40pct_10pct_setup,0.10
18,16.32,1.00,0.33,17.00,2995.00,3348.36,299.50,1339.34,500.00,1138.84,6198.84,4982.01,1216.83,-2201.16,4982.01,-7183.17,0.00,41010.17,-67349.83,growth,growth_40pct_10pct_setup,0.10
19,17.00,1.00,0.34,17.66,2995.00,3478.39,299.50,1391.36,500.00,1190.86,6250.86,4982.01,1268.85,-2149.14,4982.01,-7131.15,0.00,42279.01,-74480.99,growth,growth_40pct_10pct_setup,0.10
20,17.66,1.00,0.35,18.30,2995.00,3605.82,299.50,1442.33,500.00,1241.83,6301.83,4982.01,1319.82,-2098.17,4982.01,-7080.18,0.00,43598.83,-81561.17,growth,growth_40pct_10pct_setup,0.10
21,18.30,1.00,0.37,18.94,2995.00,3730.70,299.50,1492.28,500.00,1291.78,6351.78,4982.01,1369.77,-2048.22,4982.01,-7030.23,0.00,44968.60,-88591.40,growth,growth_40pct_10pct_setup,0.10
22,18.94,1.00,0.38,19.56,2995.00,3853.09,299.50,1541.24,500.00,1340.74,6400.74,4982.01,1418.73,-1999.26,4982.01,-6981.27,0.00,46387.33,-95572.67,growth,growth_40pct_10pct_setup,0.10
23,19.56,1.00,0.39,20.17,2995.00,3973.03,299.50,1589.21,500.00,1388.71,6448.71,4982.01,1466.70,-1951.29,4982.01,-6933.30,0.00,47854.03,-102505.97,growth,growth_40pct_10pct_setup,0.10
24,20.17,1.00,0.40,20.76,2995.00,4090.57,299.50,1636.23,500.00,1435.73,6495.73,4982.01,1513.72,-1904.27,4982.01,-6886.28,0.00,49367.75,-109392.25,growth,growth_40pct_10pct_setup,0.10
1,0.00,0.00,0.00,0.00,0.00,0.00,0.00,0.00,0.00,0.00,-16780.00,1800.00,-18580.00,-16780.00,1800.00,-18580.00,14000.00,207420.00,207420.00,growth,growth_40pct_0pct_setup,0.00
2,0.00,0.00,0.00,0.00,0.00,0.00,0.00,0.00,0.00,0.00,-16780.00,1800.00,-18580.00,-16780.00,1800.00,-18580.00,14000.00,174840.00,174840.00,growth,growth_40pct_0pct_setup,0.00
3,0.00,0.00,0.00,0.00,0.00,0.00,0.00,0.00,0.00,0.00,-15100.00,1800.00,-16900.00,-15940.00,1800.00,-17740.00,13000.00,144940.00,144100.00,growth,growth_40pct_0pct_setup,0.00
4,0.00,2.00,0.00,2.00,5990.00,394.00,0.00,157.60,500.00,-342.40,-12082.40,1800.00,-13882.40,-14602.40,1800.00,-16402.40,10000.00,121057.60,117697.60,growth,growth_40pct_0pct_setup,0.00
5,2.00,2.00,0.04,3.96,5990.00,780.12,0.00,312.05,500.00,-187.95,-11927.95,1800.00,-13727.95,-14447.95,1800.00,-16247.95,10000.00,97329.65,91449.65,growth,growth_40pct_0pct_setup,0.00
6,3.96,2.00,0.08,5.88,5990.00,1158.52,0.00,463.41,500.00,-36.59,-5056.59,1800.00,-6856.59,-10936.59,1800.00,-12736.59,13000.00,77473.06,65713.06,growth,growth_40pct_0pct_setup,0.00
7,5.88,2.00,0.12,7.76,5990.00,1529.35,0.00,611.74,500.00,111.74,-4908.26,1800.00,-6708.26,-10788.26,1800.00,-12588.26,8000.00,62764.79,45124.79,growth,growth_40pct_0pct_setup,0.00
8,7.76,2.00,0.16,9.61,5990.00,1892.76,0.00,757.10,500.00,257.10,-2242.90,1800.00,-4042.90,-8962.90,1800.00,-10762.90,8000.00,50721.90,26361.90,growth,growth_40pct_0pct_setup,0.00
9,9.61,1.00,0.19,10.42,2995.00,2051.91,0.00,820.76,500.00,320.76,1180.76,1800.00,-619.24,-7219.24,1800.00,-9019.24,8000.00,42102.66,9342.66,growth,growth_40pct_0pct_setup,0.00
10,10.42,1.00,0.21,11.21,2995.00,2207.87,0.00,883.15,500.00,383.15,1243.15,1800.00,-556.85,-7156.85,1800.00,-8956.85,8000.00,33545.81,-7614.19,growth,growth_40pct_0pct_setup,0.00
11,11.21,1.00,0.22,11.98,2995.00,2360.71,0.00,944.28,500.00,444.28,3824.28,1800.00,2024.28,-4575.72,1800.00,-6375.72,4500.00,31070.09,-18489.91,growth,growth_40pct_0pct_setup,0.00
12,11.98,1.00,0.24,12.74,2995.00,2510.50,0.00,1004.20,500.00,504.20,5564.20,1800.00,3764.20,-2835.80,1800.00,-4635.80,4500.00,30334.29,-27625.71,growth,growth_40pct_0pct_setup,0.00
13,12.74,1.00,0.25,13.49,2995.00,2657.29,0.00,1062.91,500.00,562.91,5622.91,4982.01,640.90,-2777.09,4982.01,-7759.10,0.00,30975.19,-35384.81,growth,growth_40pct_0pct_setup,0.00
14,13.49,1.00,0.27,14.22,2995.00,2801.14,0.00,1120.46,500.00,620.46,5680.46,4982.01,698.45,-2719.54,4982.01,-7701.55,0.00,31673.64,-43086.36,growth,growth_40pct_0pct_setup,0.00
15,14.22,1.00,0.28,14.93,2995.00,2942.12,0.00,1176.85,500.00,676.85,5736.85,4982.01,754.84,-2663.15,4982.01,-7645.16,0.00,32428.48,-50731.52,growth,growth_40pct_0pct_setup,0.00
16,14.93,1.00,0.30,15.64,2995.00,3080.27,0.00,1232.11,500.00,732.11,5792.11,4982.01,810.10,-2607.89,4982.01,-7589.90,0.00,33238.58,-58321.42,growth,growth_40pct_0pct_setup,0.00
17,15.64,1.00,0.31,16.32,2995.00,3215.67,0.00,1286.27,500.00,786.27,5846.27,4982.01,864.26,-2553.73,4982.01,-7535.74,0.00,34102.83,-65857.17,growth,growth_40pct_0pct_setup,0.00
18,16.32,1.00,0.33,17.00,2995.00,3348.36,0.00,1339.34,500.00,839.34,5899.34,4982.01,917.33,-2500.66,4982.01,-7482.67,0.00,35020.17,-73339.83,growth,growth_40pct_0pct_setup,0.00
19,17.00,1.00,0.34,17.66,2995.00,3478.39,0.00,1391.36,500.00,891.36,5951.36,4982.01,969.35,-2448.64,4982.01,-7430.65,0.00,35989.51,-80770.49,growth,growth_40pct_0pct_setup,0.00
20,17.66,1.00,0.35,18.30,2995.00,3605.82,0.00,1442.33,500.00,942.33,6002.33,4982.01,1020.32,-2397.67,4982.01,-7379.68,0.00,37009.83,-88150.17,growth,growth_40pct_0pct_setup,0.00
21,18.30,1.00,0.37,18.94,2995.00,3730.70,0.00,1492.28,500.00,992.28,6052.28,4982.01,1070.27,-2347.72,4982.01,-7329.73,0.00,38080.10,-95479.90,growth,growth_40pct_0pct_setup,0.00
22,18.94,1.00,0.38,19.56,2995.00,3853.09,0.00,1541.24,500.00,1041.24,6101.24,4982.01,1119.23,-2298.76,4982.01,-7280.77,0.00,39199.33,-102760.67,growth,growth_40pct_0pct_setup,0.00
23,19.56,1.00,0.39,20.17,2995.00,3973.03,0.00,1589.21,500.00,1089.21,6149.21,4982.01,1167.20,-2250.79,4982.01,-7232.80,0.00,40366.53,-109993.47,growth,growth_40pct_0pct_setup,0.00
24,20.17,1.00,0.40,20.76,2995.00,4090.57,0.00,1636.23,500.00,1136.23,6196.23,4982.01,1214.22,-2203.77,4982.01,-7185.78,0.00,41580.75,-117179.25,growth,growth_40pct_0pct_setup,0.00
1,0.00,0.00,0.00,0.00,0.00,0.00,0.00,0.00,0.00,0.00,-16780.00,1800.00,-18580.00,-16780.00,1800.00,-18580.00,14000.00,207420.00,207420.00,growth,growth_60pct_10pct_setup,0.10
2,0.00,0.00,0.00,0.00,0.00,0.00,0.00,0.00,0.00,0.00,-16780.00,1800.00,-18580.00,-16780.00,1800.00,-18580.00,14000.00,174840.00,174840.00,growth,growth_60pct_10pct_setup,0.10
3,0.00,0.00,0.00,0.00,0.00,0.00,0.00,0.00,0.00,0.00,-15100.00,1800.00,-16900.00,-15940.00,1800.00,-17740.00,13000.00,144940.00,144100.00,growth,growth_60pct_10pct_setup,0.10
4,0.00,2.00,0.00,2.00,5990.00,394.00,599.00,236.40,500.00,335.40,-11404.60,1800.00,-13204.60,-13924.60,1800.00,-15724.60,10000.00,121735.40,118375.40,growth,growth_60pct_10pct_setup,0.10
5,2.00,2.00,0.04,3.96,5990.00,780.12,599.00,468.07,500.00,567.07,-11172.93,1800.00,-12972.93,-13692.93,1800.00,-15492.93,10000.00,98762.47,92882.47,growth,growth_60pct_10pct_setup,0.10
6,3.96,2.00,0.08,5.88,5990.00,1158.52,599.00,695.11,500.00,794.11,-4225.89,1800.00,-6025.89,-10105.89,1800.00,-11905.89,13000.00,79736.58,67976.58,growth,growth_60pct_10pct_setup,0.10
7,5.88,2.00,0.12,7.76,5990.00,1529.35,599.00,917.61,500.00,1016.61,-4003.39,1800.00,-5803.39,-9883.39,1800.00,-11683.39,8000.00,65933.19,48293.19,growth,growth_60pct_10pct_setup,0.10
8,7.76,2.00,0.16,9.61,5990.00,1892.76,599.00,1135.66,500.00,1234.66,-1265.34,1800.00,-3065.34,-7985.34,1800.00,-9785.34,8000.00,54867.85,30507.85,growth,growth_60pct_10pct_setup,0.10
9,9.61,1.00,0.19,10.42,2995.00,2051.91,299.50,1231.14,500.00,1030.64,1890.64,1800.00,90.64,-6509.36,1800.00,-8309.36,8000.00,46958.49,14198.49,growth,growth_60pct_10pct_setup,0.10
10,10.42,1.00,0.21,11.21,2995.00,2207.87,299.50,1324.72,500.00,1124.22,1984.22,1800.00,184.22,-6415.78,1800.00,-8215.78,8000.00,39142.71,-2017.29,growth,growth_60pct_10pct_setup,0.10
11,11.21,1.00,0.22,11.98,2995.00,2360.71,299.50,1416.43,500.00,1215.93,4595.93,1800.00,2795.93,-3804.07,1800.00,-5604.07,4500.00,37438.64,-12121.36,growth,growth_60pct_10pct_setup,0.10
12,11.98,1.00,0.24,12.74,2995.00,2510.50,299.50,1506.30,500.00,1305.80,6365.80,1800.00,4565.80,-2034.20,1800.00,-3834.20,4500.00,37504.43,-20455.57,growth,growth_60pct_10pct_setup,0.10
13,12.74,1.00,0.25,13.49,2995.00,2657.29,299.50,1594.37,500.00,1393.87,6453.87,4982.01,1471.86,-1946.13,4982.01,-6928.14,0.00,38976.29,-27383.71,growth,growth_60pct_10pct_setup,0.10
14,13.49,1.00,0.27,14.22,2995.00,2801.14,299.50,1680.68,500.00,1480.18,6540.18,4982.01,1558.17,-1859.82,4982.01,-6841.83,0.00,40534.47,-34225.53,growth,growth_60pct_10pct_setup,0.10
15,14.22,1.00,0.28,14.93,2995.00,2942.12,299.50,1765.27,500.00,1564.77,6624.77,4982.01,1642.76,-1775.23,4982.01,-6757.24,0.00,42177.23,-40982.77,growth,growth_60pct_10pct_setup,0.10
16,14.93,1.00,0.30,15.64,2995.00,3080.27,299.50,1848.16,500.00,1647.66,6707.66,4982.01,1725.65,-1692.34,4982.01,-6674.35,0.00,43902.88,-47657.12,growth,growth_60pct_10pct_setup,0.10
17,15.64,1.00,0.31,16.32,2995.00,3215.67,299.50,1929.40,500.00,1728.90,6788.90,4982.01,1806.89,-1611.10,4982.01,-6593.11,0.00,45709.78,-54250.22,growth,growth_60pct_10pct_setup,0.10
18,16.32,1.00,0.33,17.00,2995.00,3348.36,299.50,2009.01,500.00,1808.51,6868.51,4982.01,1886.50,-1531.49,4982.01,-6513.50,0.00,47596.28,-60763.72,growth,growth_60pct_10pct_setup,0.10
19,17.00,1.00,0.34,17.66,2995.00,3478.39,299.50,2087.03,500.00,1886.53,6946.53,4982.01,1964.52,-1453.47,4982.01,-6435.48,0.00,49560.80,-67199.20,growth,growth_60pct_10pct_setup,0.10
20,17.66,1.00,0.35,18.30,2995.00,3605.82,299.50,2163.49,500.00,1962.99,7022.99,4982.01,2040.98,-1377.01,4982.01,-6359.02,0.00,51601.78,-73558.22,growth,growth_60pct_10pct_setup,0.10
21,18.30,1.00,0.37,18.94,2995.00,3730.70,299.50,2238.42,500.00,2037.92,7097.92,4982.01,2115.91,-1302.08,4982.01,-6284.09,0.00,53717.70,-79842.30,growth,growth_60pct_10pct_setup,0.10
22,18.94,1.00,0.38,19.56,2995.00,3853.09,299.50,2311.85,500.00,2111.35,7171.35,4982.01,2189.34,-1228.65,4982.01,-6210.66,0.00,55907.04,-86052.96,growth,growth_60pct_10pct_setup,0.10
23,19.56,1.00,0.39,20.17,2995.00,3973.03,299.50,2383.82,500.00,2183.32,7243.32,4982.01,2261.31,-1156.68,4982.01,-6138.69,0.00,58168.35,-92191.65,growth,growth_60pct_10pct_setup,0.10
24,20.17,1.00,0.40,20.76,2995.00,4090.57,299.50,2454.34,500.00,2253.84,7313.84,4982.01,2331.83,-1086.16,4982.01,-6068.17,0.00,60500.18,-98259.82,growth,growth_60pct_10pct_setup,0.10
1,0.00,0.00,0.00,0.00,0.00,0.00,0.00,0.00,0.00,0.00,-16780.00,1800.00,-18580.00,-16780.00,1800.00,-18580.00,14000.00,207420.00,207420.00,growth,growth_60pct_0pct_setup,0.00
2,0.00,0.00,0.00,0.00,0.00,0.00,0.00,0.00,0.00,0.00,-16780.00,1800.00,-18580.00,-16780.00,1800.00,-18580.00,14000.00,174840.00,174840.00,growth,growth_60pct_0pct_setup,0.00
3,0.00,0.00,0.00,0.00,0.00,0.00,0.00,0.00,0.00,0.00,-15100.00,1800.00,-16900.00,-15940.00,1800.00,-17740.00,13000.00,144940.00,144100.00,growth,growth_60pct_0pct_setup,0.00
4,0.00,2.00,0.00,2.00,5990.00,394.00,0.00,236.40,500.00,-263.60,-12003.60,1800.00,-13803.60,-14523.60,1800.00,-16323.60,10000.00,121136.40,117776.40,growth,growth_60pct_0pct_setup,0.00
5,2.00,2.00,0.04,3.96,5990.00,780.12,0.00,468.07,500.00,-31.93,-11771.93,1800.00,-13571.93,-14291.93,1800.00,-16091.93,10000.00,97564.47,91684.47,growth,growth_60pct_0pct_setup,0.00
6,3.96,2.00,0.08,5.88,5990.00,1158.52,0.00,695.11,500.00,195.11,-4824.89,1800.00,-6624.89,-10704.89,1800.00,-12504.89,13000.00,77939.58,66179.58,growth,growth_60pct_0pct_setup,0.00
7,5.88,2.00,0.12,7.76,5990.00,1529.35,0.00,917.61,500.00,417.61,-4602.39,1800.00,-6402.39,-10482.39,1800.00,-12282.39,8000.00,63537.19,45897.19,growth,growth_60pct_0pct_setup,0.00
8,7.76,2.00,0.16,9.61,5990.00,1892.76,0.00,1135.66,500.00,635.66,-1864.34,1800.00,-3664.34,-8584.34,1800.00,-10384.34,8000.00,51872.85,27512.85,growth,growth_60pct_0pct_setup,0.00
9,9.61,1.00,0.19,10.42,2995.00,2051.91,0.00,1231.14,500.00,731.14,1591.14,1800.00,-208.86,-6808.86,1800.00,-8608.86,8000.00,43663.99,10903.99,growth,growth_60pct_0pct_setup,0.00
10,10.42,1.00,0.21,11.21,2995.00,2207.87,0.00,1324.72,500.00,824.72,1684.72,1800.00,-115.28,-6715.28,1800.00,-8515.28,8000.00,35548.71,-5611.29,growth,growth_60pct_0pct_setup,0.00
11,11.21,1.00,0.22,11.98,2995.00,2360.71,0.00,1416.43,500.00,916.43,4296.43,1800.00,2496.43,-4103.57,1800.00,-5903.57,4500.00,33545.14,-16014.86,growth,growth_60pct_0pct_setup,0.00
12,11.98,1.00,0.24,12.74,2995.00,2510.50,0.00,1506.30,500.00,1006.30,6066.30,1800.00,4266.30,-2333.70,1800.00,-4133.70,4500.00,33311.43,-24648.57,growth,growth_60pct_0pct_setup,0.00
13,12.74,1.00,0.25,13.49,2995.00,2657.29,0.00,1594.37,500.00,1094.37,6154.37,4982.01,1172.36,-2245.63,4982.01,-7227.64,0.00,34483.79,-31876.21,growth,growth_60pct_0pct_setup,0.00
14,13.49,1.00,0.27,14.22,2995.00,2801.14,0.00,1680.68,500.00,1180.68,6240.68,4982.01,1258.67,-2159.32,4982.01,-7141.33,0.00,35742.47,-39017.53,growth,growth_60pct_0pct_setup,0.00
15,14.22,1.00,0.28,14.93,2995.00,2942.12,0.00,1765.27,500.00,1265.27,6325.27,4982.01,1343.26,-2074.73,4982.01,-7056.74,0.00,37085.73,-46074.27,growth,growth_60pct_0pct_setup,0.00
16,14.93,1.00,0.30,15.64,2995.00,3080.27,0.00,1848.16,500.00,1348.16,6408.16,4982.01,1426.15,-1991.84,4982.01,-6973.85,0.00,38511.88,-53048.12,growth,growth_60pct_0pct_setup,0.00
17,15.64,1.00,0.31,16.32,2995.00,3215.67,0.00,1929.40,500.00,1429.40,6489.40,4982.01,1507.39,-1910.60,4982.01,-6892.61,0.00,40019.28,-59940.72,growth,growth_60pct_0pct_setup,0.00
18,16.32,1.00,0.33,17.00,2995.00,3348.36,0.00,2009.01,500.00,1509.01,6569.01,4982.01,1587.00,-1830.99,4982.01,-6813.00,0.00,41606.28,-66753.72,growth,growth_60pct_0pct_setup,0.00
19,17.00,1.00,0.34,17.66,2995.00,3478.39,0.00,2087.03,500.00,1587.03,6647.03,4982.01,1665.02,-1752.97,4982.01,-6734.98,0.00,43271.30,-73488.70,growth,growth_60pct_0pct_setup,0.00
20,17.66,1.00,0.35,18.30,2995.00,3605.82,0.00,2163.49,500.00,1663.49,6723.49,4982.01,1741.48,-1676.51,4982.01,-6658.52,0.00,45012.78,-80147.22,growth,growth_60pct_0pct_setup,0.00
21,18.30,1.00,0.37,18.94,2995.00,3730.70,0.00,2238.42,500.00,1738.42,6798.42,4982.01,1816.41,-1601.58,4982.01,-6583.59,0.00,46829.20,-86730.80,growth,growth_60pct_0pct_setup,0.00
22,18.94,1.00,0.38,19.56,2995.00,3853.09,0.00,2311.85,500.00,1811.85,6871.85,4982.01,1889.84,-1528.15,4982.01,-6510.16,0.00,48719.04,-93240.96,growth,growth_60pct_0pct_setup,0.00
23,19.56,1.00,0.39,20.17,2995.00,3973.03,0.00,2383.82,500.00,1883.82,6943.82,4982.01,1961.81,-1456.18,4982.01,-6438.19,0.00,50680.85,-99679.15,growth,growth_60pct_0pct_setup,0.00
24,20.17,1.00,0.40,20.76,2995.00,4090.57,0.00,2454.34,500.00,1954.34,7014.34,4982.01,2032.33,-1385.66,4982.01,-6367.67,0.00,52713.18,-106046.82,growth,growth_60pct_0pct_setup,0.00
